{"layoffs_rolling3":0.4260905202,"unique_countries":0.1153862296,"num_articles":0.0587595283,"layoffs_lag1":0.0562437525,"num_events":0.0551031626,"ai_events":0.0489745933,"layoffs_lag2":0.0470438264,"events_lag1":0.0399556381,"layoff_articles":0.0380083344,"layoffs_lag3":0.0242943446,"avg_sentiment":0.0236738558,"avg_pct_workforce":0.015787603,"unique_industries":0.0147359201,"tech_emp_yoy_pct":0.0104124464,"unemployment_rate":0.0067919614,"ai_ratio":0.006575752,"negative_ratio":0.0054526431,"jolts_job_openings_k":0.0040377487,"openings_per_unemployed":0.0026721394}